GRIDCODE,AREA,PERIMETER,SQ_MILES,SQ_KM,Montane,EcoZone
6,15293634140.29600,4877889.00200,5904.87200,15293.63400,Y,Bosque Piemontano Occidental
5,31556317584.66200,7338976.06500,12183.89400,31556.31800,Y,Bosque Montano Oriental
4,13114419427.33800,4799580.38000,5063.47700,13114.41900,Y,Bosque Piemontano Oriental
3,21582106961.37500,6570848.02100,8332.85100,21582.10700,Y,Bosque Montano Occidental
